Workbook

Sheet Tracker
A1: M&A Portfolio Tracker
A2: Owner: Filippo · Cadence: refreshed weekly, reviewed monthly with David · v1.5 (numbers derive from History; sample data loaded)
A3: The heartbeat: one row per app, latest values pulled from History. Scan for red flags, down-arrows, and due decision dates.
A5: App | B5: Posture | C5: Studio | D5: Cost/mo (€) | E5: MRR (€) | F5: Δ | G5: MAU | H5: Crash-free % | I5: Δ | J5: Release health | K5: Next decision | L5: Flag
A6: ChatUltra | B6: Govern-in-place | C6: Helikanon | D6: =IF($N6="","—",SUMIFS(History!$D:$D,History!$B:$B,$A6,History!$A:$A,$N6)) -> 820 | E6: =IF($N6="","—",SUMIFS(History!$E:$E,History!$B:$B,$A6,History!$A:$A,$N6)) -> 4255 | F6: =IF($O6="","—",IFERROR(SUMIFS(History!$E:$E,History!$B:$B,$A6,History!$A:$A,$N6)/SUMIFS(History!$E:$E,History!$B:$B,$A6,History!$A:$A,$O6)-1,"—")) -> 0.0059101655 | G6: =IF($N6="","—",SUMIFS(History!$F:$F,History!$B:$B,$A6,History!$A:$A,$N6)) -> 55200 | H6: =IF($N6="","—",SUMIFS(History!$G:$G,History!$B:$B,$A6,History!$A:$A,$N6)) -> 0.989 | I6: =IF($O6="","—",SUMIFS(History!$G:$G,History!$B:$B,$A6,History!$A:$A,$N6)-SUMIFS(History!$G:$G,History!$B:$B,$A6,History!$A:$A,$O6)) -> 0.001 | J6: 🟢 | K6: Standing: fund takeover when ready | L6: 🟢 | N6: =IF(COUNTIF(History!$B:$B,$A6)=0,"",IFERROR(_xlfn.MAXIFS(History!$A:$A,History!$B:$B,$A6),"")) -> 46181 | O6: =IF($N6="","",IFERROR(_xlfn.MAXIFS(History!$A:$A,History!$B:$B,$A6,History!$A:$A,"<"&$N6),"")) -> 46174
A7: PDF Editor | B7: Govern-in-place | C7: TurboCat | D7: =IF($N7="","—",SUMIFS(History!$D:$D,History!$B:$B,$A7,History!$A:$A,$N7)) -> 315 | E7: =IF($N7="","—",SUMIFS(History!$E:$E,History!$B:$B,$A7,History!$A:$A,$N7)) -> 1475 | F7: =IF($O7="","—",IFERROR(SUMIFS(History!$E:$E,History!$B:$B,$A7,History!$A:$A,$N7)/SUMIFS(History!$E:$E,History!$B:$B,$A7,History!$A:$A,$O7)-1,"—")) -> -0.0033783784 | G7: =IF($N7="","—",SUMIFS(History!$F:$F,History!$B:$B,$A7,History!$A:$A,$N7)) -> 19400 | H7: =IF($N7="","—",SUMIFS(History!$G:$G,History!$B:$B,$A7,History!$A:$A,$N7)) -> 0.949 | I7: =IF($O7="","—",SUMIFS(History!$G:$G,History!$B:$B,$A7,History!$A:$A,$N7)-SUMIFS(History!$G:$G,History!$B:$B,$A7,History!$A:$A,$O7)) -> -0.003 | J7: 🟡 | K7: Business case by [date] | L7: 🟡 | N7: =IF(COUNTIF(History!$B:$B,$A7)=0,"",IFERROR(_xlfn.MAXIFS(History!$A:$A,History!$B:$B,$A7),"")) -> 46181 | O7: =IF($N7="","",IFERROR(_xlfn.MAXIFS(History!$A:$A,History!$B:$B,$A7,History!$A:$A,"<"&$N7),"")) -> 46174
A8: Step Counter | B8: Govern-in-place | C8: Helikanon | D8: =IF($N8="","—",SUMIFS(History!$D:$D,History!$B:$B,$A8,History!$A:$A,$N8)) -> 96 | E8: =IF($N8="","—",SUMIFS(History!$E:$E,History!$B:$B,$A8,History!$A:$A,$N8)) -> 410 | F8: =IF($O8="","—",IFERROR(SUMIFS(History!$E:$E,History!$B:$B,$A8,History!$A:$A,$N8)/SUMIFS(History!$E:$E,History!$B:$B,$A8,History!$A:$A,$O8)-1,"—")) -> 0.0073710074 | G8: =IF($N8="","—",SUMIFS(History!$F:$F,History!$B:$B,$A8,History!$A:$A,$N8)) -> 8220 | H8: =IF($N8="","—",SUMIFS(History!$G:$G,History!$B:$B,$A8,History!$A:$A,$N8)) -> 0.993 | I8: =IF($O8="","—",SUMIFS(History!$G:$G,History!$B:$B,$A8,History!$A:$A,$N8)-SUMIFS(History!$G:$G,History!$B:$B,$A8,History!$A:$A,$O8)) -> 0 | J8: 🟢 | K8: — | L8: 🟢 | N8: =IF(COUNTIF(History!$B:$B,$A8)=0,"",IFERROR(_xlfn.MAXIFS(History!$A:$A,History!$B:$B,$A8),"")) -> 46181 | O8: =IF($N8="","",IFERROR(_xlfn.MAXIFS(History!$A:$A,History!$B:$B,$A8,History!$A:$A,"<"&$N8),"")) -> 46174
A9: Truth Seeker | B9: Sunset | C9: Helikanon | D9: =IF($N9="","—",SUMIFS(History!$D:$D,History!$B:$B,$A9,History!$A:$A,$N9)) -> — | E9: =IF($N9="","—",SUMIFS(History!$E:$E,History!$B:$B,$A9,History!$A:$A,$N9)) -> — | F9: =IF($O9="","—",IFERROR(SUMIFS(History!$E:$E,History!$B:$B,$A9,History!$A:$A,$N9)/SUMIFS(History!$E:$E,History!$B:$B,$A9,History!$A:$A,$O9)-1,"—")) -> — | G9: =IF($N9="","—",SUMIFS(History!$F:$F,History!$B:$B,$A9,History!$A:$A,$N9)) -> — | H9: =IF($N9="","—",SUMIFS(History!$G:$G,History!$B:$B,$A9,History!$A:$A,$N9)) -> — | I9: =IF($O9="","—",SUMIFS(History!$G:$G,History!$B:$B,$A9,History!$A:$A,$N9)-SUMIFS(History!$G:$G,History!$B:$B,$A9,History!$A:$A,$O9)) -> — | J9: n/a | K9: Sunset sign-off by [date] | L9: 🔴 | N9: =IF(COUNTIF(History!$B:$B,$A9)=0,"",IFERROR(_xlfn.MAXIFS(History!$A:$A,History!$B:$B,$A9),"")) | O9: =IF($N9="","",IFERROR(_xlfn.MAXIFS(History!$A:$A,History!$B:$B,$A9,History!$A:$A,"<"&$N9),""))
A10: Music Player | B10: Sunset | C10: Helikanon | D10: =IF($N10="","—",SUMIFS(History!$D:$D,History!$B:$B,$A10,History!$A:$A,$N10)) -> 104 | E10: =IF($N10="","—",SUMIFS(History!$E:$E,History!$B:$B,$A10,History!$A:$A,$N10)) -> 410 | F10: =IF($O10="","—",IFERROR(SUMIFS(History!$E:$E,History!$B:$B,$A10,History!$A:$A,$N10)/SUMIFS(History!$E:$E,History!$B:$B,$A10,History!$A:$A,$O10)-1,"—")) -> -0.068181818 | G10: =IF($N10="","—",SUMIFS(History!$F:$F,History!$B:$B,$A10,History!$A:$A,$N10)) -> 8800 | H10: =IF($N10="","—",SUMIFS(History!$G:$G,History!$B:$B,$A10,History!$A:$A,$N10)) -> 0.964 | I10: =IF($O10="","—",SUMIFS(History!$G:$G,History!$B:$B,$A10,History!$A:$A,$N10)-SUMIFS(History!$G:$G,History!$B:$B,$A10,History!$A:$A,$O10)) -> -0.002 | J10: n/a | K10: Sunset sign-off by [date] | L10: 🔴 | N10: =IF(COUNTIF(History!$B:$B,$A10)=0,"",IFERROR(_xlfn.MAXIFS(History!$A:$A,History!$B:$B,$A10),"")) -> 46181 | O10: =IF($N10="","",IFERROR(_xlfn.MAXIFS(History!$A:$A,History!$B:$B,$A10,History!$A:$A,"<"&$N10),"")) -> 46174
A12: Numbers (Cost/MRR/MAU/Crash-free) auto-pull the latest row from History; Δ compares to the prior period. Posture, Studio, Release health, Next decision, Flag are manual judgment fields. Truth Seeker shows — (no History yet, pre-launch).

Sheet Sheet

Sheet History
A1: ⚠ SAMPLE DATA — illustrative only. Clear the rows below and let the weekly refresh repopulate with real numbers.
A2: Append-only log — one row per app per weekly run. Everything time-based (Tracker deltas, Trends charts) reads from here.
A4: Date | B4: App | C4: Posture | D4: Cost/mo (€) | E4: MRR (€) | F4: MAU | G4: Crash-free % | H4: Release health | I4: Flag
A5: 46132 | B5: ChatUltra | C5: Govern-in-place | D5: 780 | E5: 4000 | F5: 51000 | G5: 0.991 | H5: 🟢 | I5: 🟢
A6: 46132 | B6: PDF Editor | C6: Govern-in-place | D6: 300 | E6: 1500 | F6: 20000 | G6: 0.965 | H6: 🟡 | I6: 🟡
A7: 46132 | B7: Step Counter | C7: Govern-in-place | D7: 90 | E7: 400 | F7: 8000 | G7: 0.993 | H7: 🟢 | I7: 🟢
A8: 46132 | B8: Music Player | C8: Sunset | D8: 110 | E8: 620 | F8: 12000 | G8: 0.975 | H8: n/a | I8: 🔴
A9: 46139 | B9: ChatUltra | C9: Govern-in-place | D9: 785 | E9: 4040 | F9: 51500 | G9: 0.99 | H9: 🟢 | I9: 🟢
A10: 46139 | B10: PDF Editor | C10: Govern-in-place | D10: 300 | E10: 1505 | F10: 20100 | G10: 0.963 | H10: 🟡 | I10: 🟡
A11: 46139 | B11: Step Counter | C11: Govern-in-place | D11: 90 | E11: 402 | F11: 8050 | G11: 0.992 | H11: 🟢 | I11: 🟢
A12: 46139 | B12: Music Player | C12: Sunset | D12: 110 | E12: 600 | F12: 11500 | G12: 0.974 | H12: n/a | I12: 🔴
A13: 46146 | B13: ChatUltra | C13: Govern-in-place | D13: 790 | E13: 4090 | F13: 52200 | G13: 0.989 | H13: 🟢 | I13: 🟢
A14: 46146 | B14: PDF Editor | C14: Govern-in-place | D14: 305 | E14: 1495 | F14: 19900 | G14: 0.961 | H14: 🟡 | I14: 🟡
A15: 46146 | B15: Step Counter | C15: Govern-in-place | D15: 92 | E15: 405 | F15: 8100 | G15: 0.993 | H15: 🟢 | I15: 🟢
A16: 46146 | B16: Music Player | C16: Sunset | D16: 108 | E16: 580 | F16: 11000 | G16: 0.972 | H16: n/a | I16: 🔴
... A36: 46181 | B36: Music Player | C36: Sunset | D36: 104 | E36: 410 | F36: 8800 | G36: 0.964 | H36: n/a | I36: 🔴

Sheet Trends
A1: Trends
A2: Pivoted from History (date × app). On sample data — extends automatically as History grows under the v2 script.
A4: MRR (€) by app
A5: Date | B5: ChatUltra | C5: PDF Editor | D5: Step Counter | E5: Music Player
A6: 46132 | B6: =SUMIFS(History!$E:$E,History!$B:$B,B$5,History!$A:$A,$A6) -> 4000 | C6: =SUMIFS(History!$E:$E,History!$B:$B,C$5,History!$A:$A,$A6) -> 1500 | D6: =SUMIFS(History!$E:$E,History!$B:$B,D$5,History!$A:$A,$A6) -> 400 | E6: =SUMIFS(History!$E:$E,History!$B:$B,E$5,History!$A:$A,$A6) -> 620
A7: 46139 | B7: =SUMIFS(History!$E:$E,History!$B:$B,B$5,History!$A:$A,$A7) -> 4040 | C7: =SUMIFS(History!$E:$E,History!$B:$B,C$5,History!$A:$A,$A7) -> 1505 | D7: =SUMIFS(History!$E:$E,History!$B:$B,D$5,History!$A:$A,$A7) -> 402 | E7: =SUMIFS(History!$E:$E,History!$B:$B,E$5,History!$A:$A,$A7) -> 600
A8: 46146 | B8: =SUMIFS(History!$E:$E,History!$B:$B,B$5,History!$A:$A,$A8) -> 4090 | C8: =SUMIFS(History!$E:$E,History!$B:$B,C$5,History!$A:$A,$A8) -> 1495 | D8: =SUMIFS(History!$E:$E,History!$B:$B,D$5,History!$A:$A,$A8) -> 405 | E8: =SUMIFS(History!$E:$E,History!$B:$B,E$5,History!$A:$A,$A8) -> 580
A9: 46153 | B9: =SUMIFS(History!$E:$E,History!$B:$B,B$5,History!$A:$A,$A9) -> 4120 | C9: =SUMIFS(History!$E:$E,History!$B:$B,C$5,History!$A:$A,$A9) -> 1500 | D9: =SUMIFS(History!$E:$E,History!$B:$B,D$5,History!$A:$A,$A9) -> 403 | E9: =SUMIFS(History!$E:$E,History!$B:$B,E$5,History!$A:$A,$A9) -> 540
A10: 46160 | B10: =SUMIFS(History!$E:$E,History!$B:$B,B$5,History!$A:$A,$A10) -> 4160 | C10: =SUMIFS(History!$E:$E,History!$B:$B,C$5,History!$A:$A,$A10) -> 1490 | D10: =SUMIFS(History!$E:$E,History!$B:$B,D$5,History!$A:$A,$A10) -> 406 | E10: =SUMIFS(History!$E:$E,History!$B:$B,E$5,History!$A:$A,$A10) -> 500
A11: 46167 | B11: =SUMIFS(History!$E:$E,History!$B:$B,B$5,History!$A:$A,$A11) -> 4190 | C11: =SUMIFS(History!$E:$E,History!$B:$B,C$5,History!$A:$A,$A11) -> 1485 | D11: =SUMIFS(History!$E:$E,History!$B:$B,D$5,History!$A:$A,$A11) -> 408 | E11: =SUMIFS(History!$E:$E,History!$B:$B,E$5,History!$A:$A,$A11) -> 470
A12: 46174 | B12: =SUMIFS(History!$E:$E,History!$B:$B,B$5,History!$A:$A,$A12) -> 4230 | C12: =SUMIFS(History!$E:$E,History!$B:$B,C$5,History!$A:$A,$A12) -> 1480 | D12: =SUMIFS(History!$E:$E,History!$B:$B,D$5,History!$A:$A,$A12) -> 407 | E12: =SUMIFS(History!$E:$E,History!$B:$B,E$5,History!$A:$A,$A12) -> 440
A13: 46181 | B13: =SUMIFS(History!$E:$E,History!$B:$B,B$5,History!$A:$A,$A13) -> 4255 | C13: =SUMIFS(History!$E:$E,History!$B:$B,C$5,History!$A:$A,$A13) -> 1475 | D13: =SUMIFS(History!$E:$E,History!$B:$B,D$5,History!$A:$A,$A13) -> 410 | E13: =SUMIFS(History!$E:$E,History!$B:$B,E$5,History!$A:$A,$A13) -> 410
A17: Crash-free % by app
A18: Date | B18: ChatUltra | C18: PDF Editor | D18: Step Counter | E18: Music Player
A19: 46132 | B19: =SUMIFS(History!$G:$G,History!$B:$B,B$18,History!$A:$A,$A19) -> 0.991 | C19: =SUMIFS(History!$G:$G,History!$B:$B,C$18,History!$A:$A,$A19) -> 0.965 | D19: =SUMIFS(History!$G:$G,History!$B:$B,D$18,History!$A:$A,$A19) -> 0.993 | E19: =SUMIFS(History!$G:$G,History!$B:$B,E$18,History!$A:$A,$A19) -> 0.975
A20: 46139 | B20: =SUMIFS(History!$G:$G,History!$B:$B,B$18,History!$A:$A,$A20) -> 0.99 | C20: =SUMIFS(History!$G:$G,History!$B:$B,C$18,History!$A:$A,$A20) -> 0.963 | D20: =SUMIFS(History!$G:$G,History!$B:$B,D$18,History!$A:$A,$A20) -> 0.992 | E20: =SUMIFS(History!$G:$G,History!$B:$B,E$18,History!$A:$A,$A20) -> 0.974
A21: 46146 | B21: =SUMIFS(History!$G:$G,History!$B:$B,B$18,History!$A:$A,$A21) -> 0.989 | C21: =SUMIFS(History!$G:$G,History!$B:$B,C$18,History!$A:$A,$A21) -> 0.961 | D21: =SUMIFS(History!$G:$G,History!$B:$B,D$18,History!$A:$A,$A21) -> 0.993 | E21: =SUMIFS(History!$G:$G,History!$B:$B,E$18,History!$A:$A,$A21) -> 0.972
A22: 46153 | B22: =SUMIFS(History!$G:$G,History!$B:$B,B$18,History!$A:$A,$A22) -> 0.988 | C22: =SUMIFS(History!$G:$G,History!$B:$B,C$18,History!$A:$A,$A22) -> 0.958 | D22: =SUMIFS(History!$G:$G,History!$B:$B,D$18,History!$A:$A,$A22) -> 0.994 | E22: =SUMIFS(History!$G:$G,History!$B:$B,E$18,History!$A:$A,$A22) -> 0.97
A23: 46160 | B23: =SUMIFS(History!$G:$G,History!$B:$B,B$18,History!$A:$A,$A23) -> 0.99 | C23: =SUMIFS(History!$G:$G,History!$B:$B,C$18,History!$A:$A,$A23) -> 0.957 | D23: =SUMIFS(History!$G:$G,History!$B:$B,D$18,History!$A:$A,$A23) -> 0.993 | E23: =SUMIFS(History!$G:$G,History!$B:$B,E$18,History!$A:$A,$A23) -> 0.969
A24: 46167 | B24: =SUMIFS(History!$G:$G,History!$B:$B,B$18,History!$A:$A,$A24) -> 0.989 | C24: =SUMIFS(History!$G:$G,History!$B:$B,C$18,History!$A:$A,$A24) -> 0.954 | D24: =SUMIFS(History!$G:$G,History!$B:$B,D$18,History!$A:$A,$A24) -> 0.992 | E24: =SUMIFS(History!$G:$G,History!$B:$B,E$18,History!$A:$A,$A24) -> 0.967
A25: 46174 | B25: =SUMIFS(History!$G:$G,History!$B:$B,B$18,History!$A:$A,$A25) -> 0.988 | C25: =SUMIFS(History!$G:$G,History!$B:$B,C$18,History!$A:$A,$A25) -> 0.952 | D25: =SUMIFS(History!$G:$G,History!$B:$B,D$18,History!$A:$A,$A25) -> 0.993 | E25: =SUMIFS(History!$G:$G,History!$B:$B,E$18,History!$A:$A,$A25) -> 0.966
A26: 46181 | B26: =SUMIFS(History!$G:$G,History!$B:$B,B$18,History!$A:$A,$A26) -> 0.989 | C26: =SUMIFS(History!$G:$G,History!$B:$B,C$18,History!$A:$A,$A26) -> 0.949 | D26: =SUMIFS(History!$G:$G,History!$B:$B,D$18,History!$A:$A,$A26) -> 0.993 | E26: =SUMIFS(History!$G:$G,History!$B:$B,E$18,History!$A:$A,$A26) -> 0.964

Sheet Column spec & legend
A1: Column spec
A2: Time-varying numbers auto-pull the latest row from History. You only touch the judgment fields — Posture, Studio, Release health, Next decision, Flag.
A4: Column | B4: Source | C4: Auto?
A5: App | B5: — | C5: —
A6: Posture | B6: Judgment (rarely changes) | C6: No
A7: Studio | B7: Inventory (rarely changes) | C7: No
A8: Cost/mo | B8: Latest from History (GCP + studio contract) | C8: From History
A9: MRR | B9: Latest from History (RevenueCat) | C9: From History
A10: MRR Δ | B10: MRR latest ÷ prior − 1 | C10: Derived
A11: MAU | B11: Latest from History (Amplitude) | C11: From History
A12: Crash-free % | B12: Latest from History (Crashlytics) | C12: From History ★
A13: Crash-free Δ | B13: Crash-free latest − prior (points) | C13: Derived
A14: Release health | B14: Gate-bounces (CI) + help read (studio call) | C14: Judgment
A15: Next decision | B15: The app's scorecard trigger | C15: No
A16: Flag | B16: Floor + decision-date proximity | C16: Partly
A17: History note: the Tracker is a live snapshot; History is the append-only memory behind it (one row per app per weekly run). Deltas read the latest two entries; the Trends sheet charts the full series. Sample data is loaded — clear History to reset.
A18: Release health: automated floor (crash-free + smoke + secret scan + consent) stays a blocking CI gate — infrastructure, not a column. The column tracks delivery autonomy: 🟢 clean & alone · 🟡 friction / multiple attempts · 🔴 heavy help to get live.
A20: Flag legend
A21: 🟢 | B21: On track
A22: 🟡 | B22: Watch / decision due soon
A23: 🔴 | B23: Action needed (floor failing, trigger overdue, sunset pending)
A25: Posture legend
A26: Govern-in-place | B26: Studio delivers, we govern
A27: Remediate | B27: Time-boxed internal SE fix
A28: Rebuild | B28: Greenfield / new-app track, internal SE
A29: Sunset | B29: Wind down
